City_ID,City,Country,Date,Lat,Lng,Max Temp,Humidity,Cloudiness,Wind Speed
0,Barrow,US,2022-09-18 21:45:38,71.2906,-156.7887,37.42,93,0,21.85
1,Upernavik,GL,2022-09-18 21:45:38,72.7868,-56.1549,37.24,73,100,2.59
2,Eha Amufu,NG,2022-09-18 21:45:39,6.6592,7.7596,81.01,95,95,6.51
3,Hobart,AU,2022-09-18 21:43:44,-42.8794,147.3294,51.26,79,75,11.5
4,Ust-Omchug,RU,2022-09-18 21:45:39,61.15,149.6333,40.91,48,100,2.71
5,Torbay,CA,2022-09-18 21:45:40,47.6666,-52.7314,53.76,70,40,19.57
6,High Level,CA,2022-09-18 21:45:39,58.5169,-117.136,51.91,100,100,3.44
7,Bandarbeyla,SO,2022-09-18 21:45:40,9.4942,50.8122,76.46,86,10,19.98
8,New Norfolk,AU,2022-09-18 21:45:41,-42.7826,147.0587,50.92,71,100,4.0
9,East London,ZA,2022-09-18 21:45:41,-33.0153,27.9116,59.58,87,100,6.44
10,Gorontalo,ID,2022-09-18 21:45:42,0.5412,123.0595,74.41,92,94,2.15
11,Atuona,PF,2022-09-18 21:45:42,-9.8,-139.0333,76.68,75,11,21.61
12,Shelburne,CA,2022-09-18 21:45:43,44.0787,-80.2041,74.75,70,60,11.01
13,Ossora,RU,2022-09-18 21:45:43,59.2353,163.0719,46.71,49,1,4.45
14,Singaraja,ID,2022-09-18 21:45:44,-8.112,115.0882,76.17,73,70,4.9
15,Cape Town,ZA,2022-09-18 21:43:12,-33.9258,18.4232,56.26,72,20,12.66
16,Geraldton,AU,2022-09-18 21:45:44,-28.7667,114.6,55.81,88,75,11.5
17,Bluff,NZ,2022-09-18 21:45:45,-46.6,168.3333,46.8,71,100,10.83
18,Vaini,TO,2022-09-18 21:45:45,-21.2,-175.2,78.96,73,40,12.66
19,Airai,TL,2022-09-18 21:45:45,-8.9266,125.4092,59.59,46,96,2.48
20,Nador,MA,2022-09-18 21:45:46,35.174,-2.9287,77.25,78,100,13.8
21,Tasiilaq,GL,2022-09-18 21:45:46,65.6145,-37.6368,46.56,96,100,20.74
22,Antofagasta,CL,2022-09-18 21:45:47,-23.65,-70.4,60.08,68,2,9.62
23,Belyy Yar,RU,2022-09-18 21:45:47,53.6039,91.3903,37.29,93,20,4.47
24,Busselton,AU,2022-09-18 21:45:48,-33.65,115.3333,52.32,82,98,1.66
25,Thompson,CA,2022-09-18 21:45:48,55.7435,-97.8558,55.56,100,100,3.44
26,Mataura,NZ,2022-09-18 21:45:49,-46.1927,168.8643,46.47,66,100,2.98
27,Talnakh,RU,2022-09-18 21:45:49,69.4865,88.3972,43.21,100,100,2.71
28,Praia,CV,2022-09-18 21:45:50,14.9215,-23.5087,77.54,78,20,10.36
29,Arraial Do Cabo,BR,2022-09-18 21:45:50,-22.9661,-42.0278,67.86,73,0,8.05
30,Salalah,OM,2022-09-18 21:45:50,17.0151,54.0924,80.69,94,75,4.61
31,Mende,FR,2022-09-18 21:45:51,44.6667,3.5,40.17,69,1,4.34
32,Georgetown,MY,2022-09-18 21:43:30,5.4112,100.3354,78.89,92,20,2.3
33,Hobyo,SO,2022-09-18 21:45:52,5.3505,48.5268,76.5,81,80,23.58
34,Hamilton,US,2022-09-18 21:42:20,39.1834,-84.5333,84.74,55,40,11.5
35,Jamestown,US,2022-09-18 21:45:52,42.097,-79.2353,75.94,58,100,5.75
36,Mvomero,TZ,2022-09-18 21:45:52,-6.25,38.6667,72.36,90,48,3.27
37,Vilyuysk,RU,2022-09-18 21:45:53,63.7553,121.6247,26.1,95,50,5.39
38,Brunswick,US,2022-09-18 21:41:47,41.2381,-81.8418,81.1,62,75,13.8
39,Cidreira,BR,2022-09-18 21:45:54,-30.1811,-50.2056,62.8,77,49,23.47
40,Katherine,AU,2022-09-18 21:45:54,-14.4667,132.2667,80.92,61,13,3.44
41,Mar Del Plata,AR,2022-09-18 21:42:25,-38.0023,-57.5575,57.09,98,100,11.99
42,Yellowknife,CA,2022-09-18 21:45:54,62.456,-114.3525,52.32,76,75,8.05
43,Great Yarmouth,GB,2022-09-18 21:45:55,52.6083,1.7305,51.94,60,83,16.67
44,Charters Towers,AU,2022-09-18 21:45:55,-20.1,146.2667,73.71,81,35,9.69
45,Kununurra,AU,2022-09-18 21:45:56,-15.7667,128.7333,67.98,88,12,4.61
46,Hermanus,ZA,2022-09-18 21:46:56,-34.4187,19.2345,48.79,77,74,9.13
47,Narsaq,GL,2022-09-18 21:46:56,60.9167,-46.05,59.22,79,100,5.61
48,Longkou,CN,2022-09-18 21:46:57,37.6508,120.3286,69.93,55,32,27.07
49,North Bend,US,2022-09-18 21:46:23,43.4065,-124.2243,75.24,90,0,8.05
50,Srednekolymsk,RU,2022-09-18 21:46:58,67.45,153.6833,39.06,55,14,11.21
51,Fortuna,US,2022-09-18 21:46:58,40.5982,-124.1573,61.99,84,100,4.0
52,Khatanga,RU,2022-09-18 21:46:58,71.9667,102.5,24.93,82,11,10.49
53,Lae,PG,2022-09-18 21:46:59,-6.7221,146.9847,77.67,64,77,8.03
54,Carnarvon,AU,2022-09-18 21:46:59,-24.8667,113.6333,64.0,64,0,20.36
55,Ponta Do Sol,PT,2022-09-18 21:47:00,32.6667,-17.1,73.71,97,74,4.41
56,Qaanaaq,GL,2022-09-18 21:47:00,77.484,-69.3632,22.64,56,0,7.85
57,Tura,IN,2022-09-18 21:47:00,25.5198,90.2201,74.46,95,91,2.89
58,Bakel,SN,2022-09-18 21:47:01,14.905,-12.4568,79.54,74,89,6.98
59,Havre-Saint-Pierre,CA,2022-09-18 21:47:01,50.2334,-63.5986,51.8,58,99,16.15
60,Tacoma,US,2022-09-18 21:47:02,47.2529,-122.4443,76.15,45,0,13.8
61,Manoharpur,IN,2022-09-18 21:47:02,27.3,75.95,78.06,53,2,6.67
62,Komsomolskiy,UZ,2022-09-18 21:47:03,40.4272,71.7189,66.92,48,37,9.22
63,Rikitea,PF,2022-09-18 21:47:03,-23.1203,-134.9692,72.39,71,42,17.65
64,Hualmay,PE,2022-09-18 21:47:04,-11.0964,-77.6139,64.22,79,19,11.81
65,Meulaboh,ID,2022-09-18 21:47:04,4.1363,96.1285,74.53,85,91,3.0
66,Kaitangata,NZ,2022-09-18 21:47:04,-46.2817,169.8464,52.12,61,100,2.13
67,Victoria,HK,2022-09-18 21:45:46,22.2855,114.1577,81.32,85,60,8.99
68,Tooele,US,2022-09-18 21:44:33,40.5308,-112.2983,83.68,20,0,21.85
69,Longyearbyen,SJ,2022-09-18 21:47:06,78.2186,15.6401,31.84,74,75,9.22
70,Poronaysk,RU,2022-09-18 21:47:06,49.2167,143.1167,56.95,93,64,4.05
71,Tuktoyaktuk,CA,2022-09-18 21:47:07,69.4541,-133.0374,50.0,76,75,11.5
72,Bengkulu,ID,2022-09-18 21:47:07,-3.8004,102.2655,74.43,89,100,2.62
73,Bilma,NE,2022-09-18 21:47:08,18.6853,12.9164,88.75,36,29,11.59
74,Oksbol,DK,2022-09-18 21:47:08,55.6268,8.2876,49.91,88,8,13.89
75,Guarapari,BR,2022-09-18 21:47:09,-20.6667,-40.4975,67.89,71,11,5.97
76,Bairiki,KI,2022-09-18 21:47:09,1.3292,172.9752,84.2,79,40,14.97
77,Berezovyy,RU,2022-09-18 21:47:10,51.6667,135.7,49.64,88,96,8.34
78,Bethel,US,2022-09-18 21:47:11,41.3712,-73.414,82.49,63,0,11.5
79,Albany,US,2022-09-18 21:47:12,42.6001,-73.9662,76.06,83,96,8.68
80,Mahebourg,MU,2022-09-18 21:47:12,-20.4081,57.7,71.89,78,40,17.27
81,Tautira,PF,2022-09-18 21:47:13,-17.7333,-149.15,78.28,70,24,17.38
82,Rio Gallegos,AR,2022-09-18 21:47:13,-51.6226,-69.2181,48.25,46,0,12.66
83,Chara,RU,2022-09-18 21:47:14,56.9064,118.2631,26.58,63,3,4.25
84,Tual,ID,2022-09-18 21:47:14,-5.6667,132.75,81.66,76,73,6.11
85,Hargeysa,SO,2022-09-18 21:47:15,9.56,44.065,76.87,44,13,13.13
86,The Valley,AI,2022-09-18 21:47:15,18.217,-63.0578,84.06,83,40,14.97
87,Bilgoraj,PL,2022-09-18 21:47:16,50.5411,22.722,49.37,81,100,11.79
88,Dikson,RU,2022-09-18 21:47:17,73.5069,80.5464,30.85,78,12,16.75
89,Kodiak,US,2022-09-18 21:47:17,57.79,-152.4072,58.51,72,75,9.22
90,Castro,BR,2022-09-18 21:47:18,-24.7911,-50.0119,54.32,85,0,7.52
91,Ushuaia,AR,2022-09-18 21:47:18,-54.8,-68.3,44.26,61,0,11.5
92,Alofi,NU,2022-09-18 21:44:05,-19.0595,-169.9187,80.49,74,6,14.97
93,Mier,MX,2022-09-18 21:47:19,26.4333,-99.15,92.44,44,75,16.2
94,Kapaa,US,2022-09-18 21:48:19,22.0752,-159.319,84.52,74,20,13.8
95,Butaritari,KI,2022-09-18 21:48:20,3.0707,172.7902,80.94,79,7,14.52
96,Paamiut,GL,2022-09-18 21:48:20,61.994,-49.6678,44.06,93,91,4.74
97,Tabas,IR,2022-09-18 21:48:21,33.5959,56.9244,75.42,23,0,0.0
98,Lebu,CL,2022-09-18 21:48:21,-37.6167,-73.65,47.62,62,7,7.92
99,Marfino,RU,2022-09-18 21:48:22,55.7028,37.3822,55.65,92,75,8.95
100,Lavrentiya,RU,2022-09-18 21:48:22,65.5833,-171.0,38.79,83,100,10.83
101,Aitape,PG,2022-09-18 21:48:23,-3.1374,142.3475,79.84,78,39,4.0
102,Nara,JP,2022-09-18 21:48:23,34.6851,135.8049,83.91,61,100,13.76
103,Saint-Pierre,RE,2022-09-18 21:48:24,-21.3393,55.4781,71.28,64,75,3.44
104,Balsas,BR,2022-09-18 21:48:24,-7.5325,-46.0356,87.91,22,20,4.65
105,Japura,ID,2022-09-18 21:48:25,-0.3167,102.35,73.47,96,100,2.77
106,Chuy,UY,2022-09-18 21:48:25,-33.6971,-53.4616,58.24,81,100,10.96
107,Yabassi,CM,2022-09-18 21:48:26,4.457,9.9682,73.31,98,100,1.77
108,Avarua,CK,2022-09-18 21:48:26,-21.2078,-159.775,78.85,73,75,5.75
109,Yarada,IN,2022-09-18 21:48:26,17.65,83.2667,79.12,100,75,2.3
110,Fairbanks,US,2022-09-18 21:47:07,64.8378,-147.7164,56.23,53,40,10.36
111,Lipovtsy,RU,2022-09-18 21:48:27,44.2014,131.7244,50.2,69,0,12.46
112,Alihe,CN,2022-09-18 21:48:27,50.5667,123.7167,32.36,52,18,14.5
113,Bonavista,CA,2022-09-18 21:48:28,48.6499,-53.1147,52.41,58,18,24.81
114,Berlevag,NO,2022-09-18 21:48:28,70.8578,29.0864,46.35,93,75,16.11
115,Arco,IT,2022-09-18 21:48:29,45.9177,10.8867,58.59,77,10,2.84
116,Ahipara,NZ,2022-09-18 21:48:29,-35.1667,173.1667,61.02,87,100,14.29
117,Erenhot,CN,2022-09-18 21:48:29,43.6475,111.9767,50.85,30,100,8.57
118,Guerrero Negro,MX,2022-09-18 21:48:30,27.9769,-114.0611,74.07,62,0,15.97
119,Henties Bay,NA,2022-09-18 21:48:30,-22.116,14.2845,54.61,85,18,17.07
120,Punta Arenas,CL,2022-09-18 21:48:31,-53.15,-70.9167,50.11,37,0,4.61
121,Puerto Ayacucho,VE,2022-09-18 21:48:31,5.6639,-67.6236,81.73,82,93,2.91
122,Sayat,TM,2022-09-18 21:48:31,38.7839,63.8803,67.87,23,0,10.07
123,Sao Joao Da Barra,BR,2022-09-18 21:48:32,-21.6403,-41.0511,69.89,73,1,10.89
124,Ilinskiy,RU,2022-09-18 21:48:32,55.619,38.1182,55.78,100,75,13.42
125,Tuatapere,NZ,2022-09-18 21:48:33,-46.1333,167.6833,51.82,79,100,7.4
126,Pauini,BR,2022-09-18 21:48:33,-7.7136,-66.9764,84.0,58,98,2.86
127,Nhulunbuy,AU,2022-09-18 21:48:34,-12.2333,136.7667,81.21,83,96,10.36
128,Tucurui,BR,2022-09-18 21:48:34,-3.7661,-49.6725,81.39,62,94,0.74
129,Bac Lieu,VN,2022-09-18 21:46:28,9.285,105.7244,77.97,87,100,8.99
130,San Rafael,AR,2022-09-18 21:45:01,-34.6177,-68.3301,50.52,62,67,20.96
131,Kangaatsiaq,GL,2022-09-18 21:48:35,68.3065,-53.4641,39.06,90,99,15.52
132,Naivasha,KE,2022-09-18 21:48:35,-0.7167,36.4359,59.11,88,81,5.26
133,Los Llanos De Aridane,ES,2022-09-18 21:48:36,28.6585,-17.9182,71.35,93,100,4.0
134,Macapa,BR,2022-09-18 21:48:36,0.0389,-51.0664,87.78,66,20,11.5
135,Bunol,ES,2022-09-18 21:48:36,39.4167,-0.7833,69.89,86,100,0.83
136,Ilulissat,GL,2022-09-18 21:48:37,69.2167,-51.1,41.02,93,100,0.0
137,Novyy Urengoy,RU,2022-09-18 21:46:29,66.0833,76.6333,47.82,94,100,9.64
138,Rawson,AR,2022-09-18 21:48:38,-43.3002,-65.1023,45.79,62,100,17.31
139,Ketchikan,US,2022-09-18 21:48:38,55.3422,-131.6461,63.07,59,40,9.22
140,Mayo,US,2022-09-18 21:48:38,38.8876,-76.5119,86.36,58,0,8.05
141,Megion,RU,2022-09-18 21:49:39,61.0296,76.1136,51.82,95,100,13.65
142,Sibu,MY,2022-09-18 21:49:39,2.3,111.8167,75.51,94,40,2.3
143,Vardo,NO,2022-09-18 21:49:40,70.3705,31.1107,46.38,93,100,14.97
144,Viytivka,UA,2022-09-18 21:49:40,48.426,29.5429,50.14,76,94,17.22
145,Chapais,CA,2022-09-18 21:49:41,49.7834,-74.8492,58.78,39,91,4.38
146,Bredasdorp,ZA,2022-09-18 21:49:41,-34.5322,20.0403,49.26,86,51,1.83
147,Morro Bay,US,2022-09-18 21:49:41,35.3658,-120.8499,79.25,62,81,4.0
148,Provideniya,RU,2022-09-18 21:49:42,64.3833,-173.3,41.36,100,100,8.99
149,Sudogda,RU,2022-09-18 21:49:42,55.9539,40.8629,53.22,99,99,4.79
150,Puerto Ayora,EC,2022-09-18 21:49:43,-0.7393,-90.3518,73.36,85,71,4.0
151,Luleburgaz,TR,2022-09-18 21:45:20,41.4039,27.3592,64.06,34,83,10.94
152,Molepolole,BW,2022-09-18 21:49:43,-24.4066,25.4951,73.54,22,4,12.48
153,Hilo,US,2022-09-18 21:49:43,19.7297,-155.09,85.28,81,100,6.91
154,Nikolskoye,RU,2022-09-18 21:49:44,59.7035,30.7861,48.78,88,100,3.49
155,Nago,JP,2022-09-18 21:49:44,26.5881,127.9761,81.45,82,100,15.14
156,Ostrovnoy,RU,2022-09-18 21:49:45,68.0531,39.5131,46.98,96,100,6.29
157,Port Lincoln,AU,2022-09-18 21:49:45,-34.7333,135.8667,50.76,75,0,7.85
158,Pokhara,NP,2022-09-18 21:49:45,28.2333,83.9833,69.17,83,42,4.43
159,Port Alfred,ZA,2022-09-18 21:49:46,-33.5906,26.891,56.17,96,100,1.99
160,Porto De Moz,BR,2022-09-18 21:49:46,-1.7483,-52.2383,81.72,60,98,7.81
161,Lamar,US,2022-09-18 21:49:47,33.6668,-95.5836,93.18,48,20,10.36
162,Yumen,CN,2022-09-18 21:49:47,40.2833,97.2,66.11,37,100,14.85
163,Camacha,PT,2022-09-18 21:49:48,33.0833,-16.3333,69.22,73,40,11.5
164,Ginir,ET,2022-09-18 21:49:48,7.1333,40.7,61.83,60,72,7.99
165,Zharkent,KZ,2022-09-18 21:49:48,44.1628,80.0,62.26,33,50,4.07
166,Clyde River,CA,2022-09-18 21:49:49,70.4692,-68.5914,35.83,93,100,9.22
167,Khandyga,RU,2022-09-18 21:49:49,62.6667,135.6,32.43,96,100,5.77
168,Vitim,RU,2022-09-18 21:49:50,59.4511,112.5578,34.65,92,100,10.27
169,Uva,RU,2022-09-18 21:49:50,56.9908,52.1852,54.05,82,100,7.83
170,Vakhrushi,RU,2022-09-18 21:49:50,58.6847,50.0261,49.5,96,100,7.25
171,Boa Vista,BR,2022-09-18 21:49:51,2.8197,-60.6733,89.58,51,40,4.61
172,Nanortalik,GL,2022-09-18 21:49:52,60.1432,-45.2371,45.46,81,91,5.73
173,Ribeira Grande,PT,2022-09-18 21:49:52,38.5167,-28.7,74.19,88,100,6.26
174,Norman Wells,CA,2022-09-18 21:49:52,65.282,-126.8329,57.24,44,75,6.91
175,Grand Gaube,MU,2022-09-18 21:49:53,-20.0064,57.6608,72.0,73,2,8.99
176,Pimentel,PE,2022-09-18 21:49:53,-6.8367,-79.9342,66.49,68,40,18.41
177,Broken Hill,AU,2022-09-18 21:49:33,-31.95,141.4333,51.26,78,43,7.49
178,Isangel,VU,2022-09-18 21:49:54,-19.55,169.2667,78.91,78,75,4.61
179,Zhigansk,RU,2022-09-18 21:49:54,66.7697,123.3711,31.71,83,98,10.94
180,Lisala,CD,2022-09-18 21:49:55,2.15,21.5167,68.94,99,78,0.4
181,Lakes Entrance,AU,2022-09-18 21:49:55,-37.8811,147.981,51.17,77,89,19.26
182,Ko Samui,TH,2022-09-18 21:49:56,9.5357,99.9357,81.46,77,98,15.21
183,Cockburn Town,TC,2022-09-18 21:49:56,21.4612,-71.1419,87.76,62,40,16.11
184,Nemuro,JP,2022-09-18 21:49:56,43.3236,145.575,65.28,99,100,5.7
185,Icod De Los Vinos,ES,2022-09-18 21:49:57,28.3724,-16.7119,73.67,90,22,1.74
186,Egvekinot,RU,2022-09-18 21:49:57,66.3167,-179.1667,36.46,81,100,2.06
187,Nurota,UZ,2022-09-18 21:49:58,40.5614,65.6886,67.14,25,0,7.14
188,Lorengau,PG,2022-09-18 21:50:58,-2.0226,147.2712,83.12,71,39,3.83
189,Iisalmi,FI,2022-09-18 21:50:59,63.5592,27.1907,46.94,97,69,1.66
190,Codrington,AU,2022-09-18 21:50:59,-38.2667,141.9667,46.89,91,47,10.2
191,Beringovskiy,RU,2022-09-18 21:51:00,63.05,179.3167,39.9,79,99,10.94
192,Jarvakandi,EE,2022-09-18 21:51:00,58.7789,24.8258,49.42,97,40,3.58
193,Luderitz,NA,2022-09-18 21:51:01,-26.6481,15.1594,52.48,73,0,15.57
194,Cayenne,GF,2022-09-18 21:51:01,4.9333,-52.3333,84.24,74,0,5.75
195,Manzanillo,CU,2022-09-18 21:51:02,20.3433,-77.1167,87.76,59,27,6.55
196,Aden,YE,2022-09-18 21:51:03,12.7794,45.0367,89.17,66,64,4.18
197,Saskylakh,RU,2022-09-18 21:51:04,71.9167,114.0833,31.35,96,100,6.89
198,Hithadhoo,MV,2022-09-18 21:51:04,-0.6,73.0833,81.48,74,98,8.61
199,Emerald,AU,2022-09-18 21:51:05,-23.5333,148.1667,64.54,94,100,1.14
200,Camocim,BR,2022-09-18 21:49:28,-2.9022,-40.8411,78.51,83,99,17.67
201,Acapulco,MX,2022-09-18 21:51:05,16.8634,-99.8901,78.06,88,99,6.13
202,Ixtapa,MX,2022-09-18 21:51:06,20.7,-105.2,85.23,77,100,3.0
203,Byron Bay,AU,2022-09-18 21:51:07,-28.65,153.6167,68.7,46,0,5.37
204,Smithers,CA,2022-09-18 21:50:13,54.7804,-127.1743,61.12,48,0,10.36
205,Sagua La Grande,CU,2022-09-18 21:51:07,22.8067,-80.0756,85.15,67,77,11.63
206,Ucluelet,CA,2022-09-18 21:49:34,48.9329,-125.5528,69.1,51,4,1.01
207,Dunedin,NZ,2022-09-18 21:51:09,-45.8742,170.5036,53.8,71,100,3.0
208,Leningradskiy,RU,2022-09-18 21:51:10,69.3833,178.4167,33.49,98,100,20.92
209,Tiksi,RU,2022-09-18 21:51:10,71.6872,128.8694,32.67,68,98,4.41
210,At-Bashi,KG,2022-09-18 21:51:11,41.1702,75.8106,51.35,51,88,2.3
211,Bambous Virieux,MU,2022-09-18 21:51:11,-20.3428,57.7575,71.85,78,40,17.27
212,Ihosy,MG,2022-09-18 21:51:12,-22.4,46.1167,60.66,87,66,7.49
213,Pato Branco,BR,2022-09-18 21:47:50,-26.2286,-52.6706,58.68,72,0,3.49
214,Dois Vizinhos,BR,2022-09-18 21:51:13,-25.7336,-53.0572,62.02,69,1,3.31
215,Snezhnogorsk,RU,2022-09-18 21:51:13,69.1933,33.2531,47.98,98,100,13.71
216,Muros,ES,2022-09-18 21:51:14,42.7762,-9.0603,73.17,81,100,7.27
217,Ust-Maya,RU,2022-09-18 21:51:15,60.4167,134.5333,30.85,97,100,11.88
218,Pombas,CV,2022-09-18 21:51:15,17.1503,-25.0201,76.78,71,66,12.15
219,Anloga,GH,2022-09-18 21:51:16,5.7947,0.8973,76.86,86,95,15.12
220,Faanui,PF,2022-09-18 21:51:16,-16.4833,-151.75,78.96,71,25,19.86
221,Ovalle,CL,2022-09-18 21:51:17,-30.5983,-71.2003,59.63,53,3,6.13
222,Korostarcsa,HU,2022-09-18 21:51:17,46.8833,21.0333,48.97,78,33,8.72
223,Gornyy,RU,2022-09-18 21:51:18,55.1153,83.9059,42.17,69,12,3.94
224,Pevek,RU,2022-09-18 21:51:18,69.7008,170.3133,32.68,97,100,17.49
225,Klaksvik,FO,2022-09-18 21:51:19,62.2266,-6.589,41.92,70,95,7.76
226,Korla,CN,2022-09-18 21:51:19,41.7597,86.1469,68.4,23,27,8.05
227,Sistranda,NO,2022-09-18 21:51:20,63.7256,8.834,49.96,74,99,19.55
228,Olonets,RU,2022-09-18 21:51:20,60.9847,32.9698,45.18,93,36,4.9
229,Oktyabrskoye,RU,2022-09-18 21:51:21,43.0645,44.7417,59.14,88,0,8.95
230,Taujica,HN,2022-09-18 21:51:22,15.7,-85.9167,87.31,91,91,2.89
231,Hirara,JP,2022-09-18 21:52:22,24.8,125.2833,77.27,88,75,6.91
232,Kalmunai,LK,2022-09-18 21:52:23,7.4167,81.8167,79.45,77,100,4.21
233,Belaya Gora,RU,2022-09-18 21:52:23,68.5333,146.4167,39.13,55,100,12.08
234,Miandrivazo,MG,2022-09-18 21:52:23,-19.5167,45.4667,74.48,51,2,4.43
235,Tieling,CN,2022-09-18 21:52:24,42.2931,123.8414,47.23,65,1,5.79
236,Ancud,CL,2022-09-18 21:52:24,-41.8697,-73.8203,43.23,72,87,9.15
237,Martapura,ID,2022-09-18 21:52:25,-3.4167,114.85,75.29,100,40,4.61
238,Chokurdakh,RU,2022-09-18 21:52:25,70.6333,147.9167,35.2,65,15,6.49
239,Avera,US,2022-09-18 21:52:26,33.194,-82.5271,84.25,55,93,4.07
240,Aleysk,RU,2022-09-18 21:52:26,52.4926,82.7822,45.14,56,0,5.41
241,Manzil Salim,TN,2022-09-18 21:52:27,35.8567,8.4765,77.47,51,10,3.67
242,San Patricio,US,2022-09-18 21:52:27,28.017,-97.5169,93.29,57,64,14.07
243,Portland,US,2022-09-18 21:52:28,45.5234,-122.6762,81.95,44,40,6.91
244,Vila Franca Do Campo,PT,2022-09-18 21:52:28,37.7167,-25.4333,72.01,91,19,2.8
245,Pacific Grove,US,2022-09-18 21:52:29,36.6177,-121.9166,68.34,76,100,21.99
246,Bonthe,SL,2022-09-18 21:52:29,7.5264,-12.505,75.06,89,100,6.49
247,Waipawa,NZ,2022-09-18 21:52:29,-41.4122,175.5153,55.26,66,100,10.25
248,Kataysk,RU,2022-09-18 21:52:30,56.289,62.5841,58.78,89,99,3.02
249,Sorong,ID,2022-09-18 21:52:30,-0.8833,131.25,77.95,82,100,4.85
250,Ust-Tarka,RU,2022-09-18 21:52:31,55.5672,75.705,48.92,52,59,9.64
251,Pabna,BD,2022-09-18 21:52:31,24.0,89.25,81.57,81,67,5.75
252,Kruisfontein,ZA,2022-09-18 21:52:32,-34.0033,24.7314,52.57,83,100,6.46
253,Porto Novo,BJ,2022-09-18 21:50:13,6.4965,2.6036,76.82,91,84,7.92
254,Zhoucheng,CN,2022-09-18 21:52:32,35.9122,116.3117,62.19,58,70,5.53
255,Lasa,IT,2022-09-18 21:52:33,46.6166,10.7002,56.28,75,62,6.44
256,Beloha,MG,2022-09-18 21:52:33,-25.1667,45.05,72.72,59,0,5.82
257,Morondava,MG,2022-09-18 21:52:34,-20.2833,44.2833,71.94,73,5,8.66
258,Aykhal,RU,2022-09-18 21:52:34,66.0,111.5,27.7,97,100,6.02
259,Sakakah,SA,2022-09-18 21:52:34,29.9697,40.2064,87.37,15,0,7.96
260,Sorland,NO,2022-09-18 21:52:35,67.667,12.6934,48.06,79,100,30.85
261,Shimoda,JP,2022-09-18 21:52:35,34.6667,138.95,79.11,91,96,12.19
262,Chibombo,ZM,2022-09-18 21:52:35,-14.6569,28.0706,70.16,31,0,7.4
263,Tarm,DK,2022-09-18 21:52:36,55.9086,8.5304,50.02,90,7,7.96
264,Saint-Philippe,RE,2022-09-18 21:52:36,-21.3585,55.7679,71.19,84,52,12.3
265,Hami,CN,2022-09-18 21:52:37,42.8,93.45,65.59,18,11,7.16
266,Beyneu,KZ,2022-09-18 21:52:37,45.3167,55.2,70.48,32,6,10.6
267,Cairns,AU,2022-09-18 21:52:38,-16.9167,145.7667,78.75,93,100,3.44
268,Sao Filipe,CV,2022-09-18 21:52:38,14.8961,-24.4956,78.44,75,15,8.16
269,Liberty,US,2022-09-18 21:52:38,31.8335,-81.5004,86.27,26,10,1.01
270,Port Blair,IN,2022-09-18 21:52:39,11.6667,92.75,82.44,78,40,10.36
271,Ngunguru,NZ,2022-09-18 21:52:39,-35.6167,174.5,61.63,80,98,19.35
272,Ituverava,BR,2022-09-18 21:52:40,-20.3394,-47.7806,78.24,36,0,5.32
273,Flinders,AU,2022-09-18 21:52:40,-34.5833,150.8552,59.38,64,58,7.0
274,Kasongo-Lunda,CD,2022-09-18 21:52:41,-6.4667,16.8167,72.32,87,78,0.96
275,Bud,US,2022-09-18 21:52:41,39.447,-86.1758,85.95,61,47,10.2
276,Xam Nua,LA,2022-09-18 21:52:41,20.4197,104.0439,65.3,99,26,1.25
277,Pisco,PE,2022-09-18 21:52:42,-13.7,-76.2167,64.45,72,0,6.91
278,Qaqortoq,GL,2022-09-18 21:52:42,60.7167,-46.0333,46.56,92,100,7.23
279,Guntakal,IN,2022-09-18 21:53:43,15.1667,77.3833,75.69,76,100,11.34
280,Borba,BR,2022-09-18 21:53:43,-4.3878,-59.5939,86.63,46,91,0.92
281,Karratha,AU,2022-09-18 21:53:44,-20.7377,116.8463,67.82,56,0,14.54
282,Port Elizabeth,ZA,2022-09-18 21:52:03,-33.918,25.5701,54.32,95,20,9.22
283,Bernay,FR,2022-09-18 21:53:44,49.1667,0.6667,55.29,84,22,5.44
284,Vrede,ZA,2022-09-18 21:53:44,-27.4257,29.1659,59.43,27,6,5.28
285,Havoysund,NO,2022-09-18 21:53:45,70.9963,24.6622,46.63,87,100,18.84
286,Lang Son,VN,2022-09-18 21:53:45,21.8333,106.7333,73.63,96,76,1.39
287,Waingapu,ID,2022-09-18 21:53:46,-9.6567,120.2641,75.54,83,18,5.48
288,Kotka,FI,2022-09-18 21:53:46,60.4664,26.9458,49.26,83,51,5.01
289,Betsiamites,CA,2022-09-18 21:53:46,48.9413,-68.646,57.6,56,52,2.82
290,Alice Springs,AU,2022-09-18 21:53:47,-23.7,133.8833,57.22,26,22,5.75
291,Kavaratti,IN,2022-09-18 21:53:47,10.5669,72.642,80.31,81,99,11.21
292,Mapiri,BO,2022-09-18 21:53:48,-15.25,-68.1667,75.51,78,100,0.13
293,Pochinki,RU,2022-09-18 21:53:48,54.6988,44.8668,59.52,87,95,12.33
294,Presidencia Roque Saenz Pena,AR,2022-09-18 21:53:49,-26.7852,-60.4388,83.62,41,53,6.35
295,Ust-Uda,RU,2022-09-18 21:53:49,54.1742,103.0304,38.53,87,22,2.77
296,Iqaluit,CA,2022-09-18 21:53:50,63.7506,-68.5145,46.13,61,20,19.57
297,Panarukan,ID,2022-09-18 21:53:50,-7.7018,113.9184,76.06,79,94,4.0
298,Khuzhir,RU,2022-09-18 21:53:51,53.1939,107.3397,46.62,65,44,2.3
299,Saint-Ambroise,CA,2022-09-18 21:53:51,48.5501,-71.3324,61.34,36,91,9.22
300,Saint George,US,2022-09-18 21:51:01,37.1041,-113.5841,91.26,19,0,10.36
301,Santo Antonio Do Ica,BR,2022-09-18 21:53:52,-3.1022,-67.9397,83.26,68,100,1.88
302,Emporia,US,2022-09-18 21:53:52,38.4039,-96.1817,101.16,19,0,20.22
303,Dawson Creek,CA,2022-09-18 21:53:52,55.7666,-120.2362,56.84,54,75,13.8
304,Calama,CL,2022-09-18 21:50:42,-22.4667,-68.9333,66.69,15,0,26.46
305,Sinnamary,GF,2022-09-18 21:53:53,5.3833,-52.95,80.46,77,96,10.89
306,Shaowu,CN,2022-09-18 21:53:53,27.3409,117.4831,68.79,79,1,2.08
307,Abonnema,NG,2022-09-18 21:53:54,4.7084,6.7931,75.6,89,96,5.17
308,Itarema,BR,2022-09-18 21:53:54,-2.9248,-39.9167,78.04,84,48,15.64
309,Krasnoselkup,RU,2022-09-18 21:53:55,65.7,82.4667,46.9,93,100,17.6
310,Atasu,KZ,2022-09-18 21:53:55,48.6814,71.6433,50.36,33,0,8.16
311,Vanavara,RU,2022-09-18 21:53:55,60.34,102.2797,43.41,99,100,4.85
312,Koumac,NC,2022-09-18 21:53:56,-20.5667,164.2833,77.61,69,2,3.09
313,Rumonge,BI,2022-09-18 21:53:56,-3.9736,29.4386,75.29,65,84,0.36
314,Shingu,JP,2022-09-18 21:53:57,33.7333,135.9833,79.56,93,100,17.29
315,Sinjar,IQ,2022-09-18 21:53:57,36.3209,41.8754,86.18,20,0,8.97
316,Biankouma,CI,2022-09-18 21:53:58,7.7391,-7.6138,67.5,98,50,2.55
317,Souillac,MU,2022-09-18 21:53:58,-20.5167,57.5167,71.98,78,40,17.27
318,Mugur-Aksy,RU,2022-09-18 21:53:59,50.35,90.5,35.06,66,0,4.36
319,Sarakhs,IR,2022-09-18 21:53:59,36.5449,61.1577,69.89,30,0,2.62
320,Hejobaba,HU,2022-09-18 21:53:59,47.9,20.95,50.04,78,48,12.01
321,Sangar,RU,2022-09-18 21:54:00,63.9242,127.4739,30.09,91,19,9.53
322,Malaya Purga,RU,2022-09-18 21:55:00,56.5567,53.0043,54.5,90,100,10.04
323,Singaparna,ID,2022-09-18 21:55:01,-7.3515,108.111,70.2,97,93,2.73
324,Bandrele,YT,2022-09-18 21:55:01,-12.9067,45.1914,73.15,88,0,5.75
325,Doha,QA,2022-09-18 21:55:02,25.2867,51.5333,89.49,58,20,6.91
326,Yatou,CN,2022-09-18 21:55:02,37.15,122.3833,67.21,53,0,29.01
327,Praya,CV,2022-09-18 21:55:03,14.9215,-23.5087,77.54,78,20,10.36
328,Katsuura,JP,2022-09-18 21:55:03,35.1333,140.3,79.9,90,73,18.28
329,Orje,NO,2022-09-18 21:55:04,59.4802,11.6602,49.84,69,43,10.47
330,Muisne,EC,2022-09-18 21:55:04,0.6,-80.0333,74.21,81,97,9.33
331,Ust-Nera,RU,2022-09-18 21:55:05,64.5667,143.2,38.17,75,100,3.24
332,Katangli,RU,2022-09-18 21:55:06,51.7102,143.2326,52.95,95,86,8.9
333,Quepos,CR,2022-09-18 21:55:06,9.4236,-84.1652,76.87,85,100,2.26
334,Bima,ID,2022-09-18 21:55:07,-8.4667,118.7167,73.71,93,64,4.29
335,Barth,DE,2022-09-18 21:55:08,54.3635,12.7249,54.09,66,32,10.71
336,Ghanzi,BW,2022-09-18 21:55:08,-21.5667,21.7833,72.03,19,20,10.4
337,Khakhea,BW,2022-09-18 21:55:08,-24.6895,23.494,69.24,27,93,2.82
338,Isiro,CD,2022-09-18 21:55:09,2.7739,27.616,64.89,99,75,0.51
339,Filadelfia,US,2022-09-18 21:52:21,39.9523,-75.1638,84.22,50,20,12.66
340,Nizhniy Kuranakh,RU,2022-09-18 21:55:10,58.8353,125.4869,28.63,83,98,8.19
341,Vila Velha,BR,2022-09-18 21:52:56,-20.3297,-40.2925,69.75,76,40,11.5
342,Knysna,ZA,2022-09-18 21:55:10,-34.0363,23.0471,53.28,85,98,5.3
343,Monte Patria,CL,2022-09-18 21:55:11,-30.6919,-70.9467,60.75,49,20,6.35
344,Comodoro Rivadavia,AR,2022-09-18 21:51:41,-45.8667,-67.5,42.66,65,40,8.05
345,Rumoi,JP,2022-09-18 21:55:11,43.9344,141.6428,67.55,95,100,5.17
346,Sisimiut,GL,2022-09-18 21:55:12,66.9395,-53.6735,42.89,87,100,16.04
347,San Juan,AR,2022-09-18 21:55:12,-31.5375,-68.5364,59.61,49,21,24.85
348,Hoquiam,US,2022-09-18 21:55:13,46.9809,-123.8893,79.36,48,7,4.0
349,Nome,US,2022-09-18 21:50:25,64.5011,-165.4064,46.47,87,100,25.32
350,Narasannapeta,IN,2022-09-18 21:55:14,18.4167,84.05,76.1,96,100,10.96
351,Caborca,MX,2022-09-18 21:55:14,30.5838,-111.101,91.81,31,0,10.47
352,Dabat,ET,2022-09-18 21:55:15,12.9842,37.765,52.61,84,73,0.87
353,Assare,BR,2022-09-18 21:55:15,-6.8744,-39.875,84.61,25,94,6.4
354,Gumdag,TM,2022-09-18 21:55:16,39.2061,54.5906,75.33,25,0,14.72
355,Bubaque,GW,2022-09-18 21:55:16,11.2833,-15.8333,79.74,78,100,11.99
356,Hasaki,JP,2022-09-18 21:55:16,35.7333,140.8333,79.29,89,65,20.15
357,Ulladulla,AU,2022-09-18 21:55:17,-35.35,150.4667,58.1,50,3,12.77
358,Parana,AR,2022-09-18 21:55:18,-31.732,-60.5238,61.57,94,100,7.23
359,Cherskiy,RU,2022-09-18 21:55:19,68.75,161.3,35.04,63,100,4.25
360,Tocopilla,CL,2022-09-18 21:55:19,-22.092,-70.1979,63.72,67,48,11.48
361,Litovko,RU,2022-09-18 21:55:20,49.2361,135.1742,50.56,88,95,13.06
362,Nola,IT,2022-09-18 21:55:20,40.922,14.5329,67.62,79,8,1.21
363,Suyo,PH,2022-09-18 21:55:21,16.9762,120.5254,74.05,86,94,3.65
364,Omsukchan,RU,2022-09-18 21:55:21,62.5333,155.8,39.24,51,80,3.71
365,Namibe,AO,2022-09-18 21:55:22,-15.1961,12.1522,62.13,87,75,11.92
366,Bowen,AU,2022-09-18 21:55:22,-20.0167,148.2333,75.99,83,6,4.81
367,Hovd,MN,2022-09-18 21:56:23,48.0056,91.6419,41.67,53,0,5.26
368,Poum,NC,2022-09-18 21:56:23,-20.2333,164.0167,76.14,76,5,11.18
369,Mgandu,TZ,2022-09-18 21:56:24,-5.95,34.1333,66.33,53,31,10.47
370,Huarmey,PE,2022-09-18 21:56:24,-10.0681,-78.1522,65.68,79,6,11.07
371,Fare,PF,2022-09-18 21:56:24,-16.7,-151.0167,78.62,71,0,19.69
372,The Pas,CA,2022-09-18 21:56:25,53.8251,-101.2541,66.22,55,40,12.66
373,Jinchang,CN,2022-09-18 21:56:25,38.4953,102.1739,55.47,86,100,5.82
374,Lethem,GY,2022-09-18 21:56:26,3.3803,-59.7968,89.65,66,20,13.8
375,Boguchany,RU,2022-09-18 21:56:26,58.3814,97.4531,47.19,86,100,1.88
376,Burnie,AU,2022-09-18 21:56:26,-41.0667,145.9167,53.92,70,88,12.17
377,Kailua,US,2022-09-18 21:56:27,21.4022,-157.7394,86.02,69,100,9.22
378,Papetoai,PF,2022-09-18 21:56:27,-17.4961,-149.8729,81.99,67,6,18.19
379,Aksarka,RU,2022-09-18 21:56:28,66.5606,67.7975,46.11,91,100,10.27
380,San Policarpo,PH,2022-09-18 21:56:28,12.1791,125.5072,78.76,85,100,5.97
381,Moose Factory,CA,2022-09-18 21:56:28,51.2585,-80.6094,60.8,55,20,16.11
382,Birjand,IR,2022-09-18 21:56:29,32.8663,59.2211,63.07,22,0,9.22
383,Severnoye,RU,2022-09-18 21:56:29,56.3491,78.3619,48.92,55,96,10.25
384,Saint-Louis,SN,2022-09-18 21:56:30,16.3333,-15.0,87.44,48,100,13.27
385,Sept-Iles,CA,2022-09-18 21:53:02,50.2001,-66.3821,59.52,47,40,13.8
386,Xining,CN,2022-09-18 21:52:26,36.6167,101.7667,55.9,82,100,1.52
387,Satuk,TR,2022-09-18 21:56:31,41.2263,32.3836,59.58,96,100,3.53
388,Harper,LR,2022-09-18 21:56:31,4.375,-7.7169,76.23,84,24,7.99
389,Ligayan,PH,2022-09-18 21:56:31,4.6533,119.4706,83.86,74,74,6.2
390,Dalvik,IS,2022-09-18 21:56:32,65.9702,-18.5286,44.53,74,47,5.01
391,Thinadhoo,MV,2022-09-18 21:56:32,0.5333,72.9333,82.17,71,100,8.75
392,Gravdal,NO,2022-09-18 21:56:33,68.1214,13.5031,47.12,82,100,28.43
393,Kewanee,US,2022-09-18 21:56:33,41.2456,-89.9248,85.71,46,10,10.94
394,Dharmadam,IN,2022-09-18 21:56:33,11.7833,75.4333,75.97,90,90,3.78
395,Wuan,CN,2022-09-18 21:56:34,31.6836,112.0044,74.23,67,71,5.88
396,Mehran,IR,2022-09-18 21:56:34,33.1222,46.1646,87.76,12,0,4.97
397,Suibara,JP,2022-09-18 21:56:35,37.8333,139.2333,82.31,69,75,10.36
398,Los Alamos,US,2022-09-18 21:56:35,35.8881,-106.307,82.13,25,40,7.0
399,Kuminskiy,RU,2022-09-18 21:56:35,58.6667,66.5667,48.04,89,91,4.88
400,Cabedelo,BR,2022-09-18 21:56:36,-6.9811,-34.8339,77.67,79,49,14.56
401,Soyo,AO,2022-09-18 21:56:36,-6.1349,12.3689,73.89,88,100,7.09
402,Sitka,US,2022-09-18 21:56:37,57.0531,-135.33,59.63,66,68,6.98
403,Taoudenni,ML,2022-09-18 21:56:37,22.6783,-3.9836,95.32,16,16,8.95
404,Vanimo,PG,2022-09-18 21:56:38,-2.6741,141.3028,78.12,88,70,3.31
405,Lompoc,US,2022-09-18 21:56:38,34.6391,-120.4579,77.85,57,0,11.01
406,General Roca,AR,2022-09-18 21:56:38,-39.0333,-67.5833,45.63,55,100,15.93
407,Porto Santo,PT,2022-09-18 21:56:39,33.072,-16.3415,71.98,73,40,11.5
408,Deputatskiy,RU,2022-09-18 21:56:39,69.3,139.9,28.94,92,100,3.87
409,Road Town,VG,2022-09-18 21:56:40,18.4167,-64.6167,80.69,88,100,25.3
410,Evensk,RU,2022-09-18 21:56:40,61.95,159.2333,44.74,42,31,3.06
411,San Carlos De Bariloche,AR,2022-09-18 21:56:40,-41.1456,-71.3082,38.25,84,75,12.66
412,Yar-Sale,RU,2022-09-18 21:56:41,66.8333,70.8333,45.32,96,100,10.94
413,Reims,FR,2022-09-18 21:56:41,49.1667,4.0833,53.38,71,100,6.91
414,Kichera,RU,2022-09-18 21:57:42,55.9375,110.0997,35.64,52,91,0.45
415,Atar,MR,2022-09-18 21:57:42,20.5169,-13.0499,89.62,26,100,5.23
416,Nisia Floresta,BR,2022-09-18 21:57:42,-6.0911,-35.2086,80.98,80,54,12.01
417,Carutapera,BR,2022-09-18 21:57:43,-1.195,-46.02,78.03,79,99,6.6
418,Carmelo,UY,2022-09-18 21:57:43,-33.9892,-58.2856,62.22,80,100,4.99
419,Gwadar,PK,2022-09-18 21:57:44,25.1216,62.3254,79.63,81,25,4.43
420,Altamirano,MX,2022-09-18 21:57:44,16.8833,-92.15,64.71,95,92,2.75
421,Saint Anthony,US,2022-09-18 21:54:14,45.0205,-93.218,71.92,77,100,6.76
422,Margate,GB,2022-09-18 21:57:45,51.3813,1.3862,56.7,71,83,8.01
423,Kudahuvadhoo,MV,2022-09-18 21:57:45,2.6708,72.8944,81.7,69,97,6.82
424,Predivinsk,RU,2022-09-18 21:57:45,57.0669,93.4378,41.09,87,78,3.78
425,Kakonko,TZ,2022-09-18 21:57:46,-3.2828,30.9642,70.11,66,99,3.87
426,Arona,ES,2022-09-18 21:57:46,28.0996,-16.681,69.03,86,40,8.05
427,Tomatlan,MX,2022-09-18 21:57:47,19.9333,-105.25,79.68,81,100,13.33
428,Laguna,US,2022-09-18 21:57:47,38.421,-121.4238,76.01,56,75,5.99
429,Muzhi,RU,2022-09-18 21:57:47,65.3667,64.6667,48.16,86,100,14.5
430,Kenora,CA,2022-09-18 21:57:48,49.8167,-94.4337,65.37,72,75,8.05
431,Derzhavinsk,KZ,2022-09-18 21:57:48,51.1,66.3167,55.2,30,0,7.16
432,Golden,US,2022-09-18 21:57:49,39.7555,-105.2211,87.21,29,20,6.91
433,Kushima,JP,2022-09-18 21:57:49,31.4583,131.2333,77.34,94,100,25.32
434,Lincoln,US,2022-09-18 21:57:50,40.8,-96.667,87.01,29,4,5.06
435,Tateyama,JP,2022-09-18 21:57:50,34.9833,139.8667,81.1,88,79,18.12
436,Mabaruma,GY,2022-09-18 21:57:51,8.2,-59.7833,79.21,78,100,5.3
437,Hofn,IS,2022-09-18 21:57:51,64.2539,-15.2082,45.99,72,8,3.8
438,Batagay-Alyta,RU,2022-09-18 21:57:52,67.8006,130.4114,24.75,59,17,4.45
439,Versalles,FR,2022-09-18 21:53:42,48.8,2.1333,54.18,72,0,5.75
440,Kieta,PG,2022-09-18 21:57:52,-6.2167,155.6333,80.74,82,100,5.21
441,Primorsk,UA,2022-09-18 21:57:52,46.7348,36.3443,61.05,48,99,20.71
442,Jacqueville,CI,2022-09-18 21:57:53,5.2052,-4.4146,75.54,89,25,8.79
443,Rocha,UY,2022-09-18 21:56:26,-34.4833,-54.3333,58.26,83,100,10.54
444,Tessalit,ML,2022-09-18 21:57:54,20.1986,1.0114,94.03,25,73,9.69
445,Folkestone,GB,2022-09-18 21:57:54,51.0833,1.1833,56.71,81,85,1.99
446,Ewa Beach,US,2022-09-18 21:57:54,21.3156,-158.0072,85.98,65,46,17.0
447,Touros,BR,2022-09-18 21:57:55,-5.1989,-35.4608,77.29,80,20,15.39
448,Colon,PA,2022-09-18 21:57:55,9.3592,-79.9014,78.37,84,100,3.0
449,Mount Gambier,AU,2022-09-18 21:57:56,-37.8333,140.7667,49.32,82,7,5.41
450,Hambantota,LK,2022-09-18 21:56:30,6.1241,81.1185,79.14,94,20,9.22
451,Disna,BY,2022-09-18 21:57:56,55.568,28.1971,50.13,86,100,9.86
452,Marsabit,KE,2022-09-18 21:57:57,2.3284,37.9899,66.97,54,20,19.98
453,San Cristobal,VE,2022-09-18 21:57:57,7.7669,-72.225,82.58,81,20,4.47
454,Patrocinio,BR,2022-09-18 21:57:57,-18.9439,-46.9925,72.19,58,93,3.51
455,Mirnyy,RU,2022-09-18 21:57:58,62.5353,113.9611,28.24,68,100,4.0
456,New Iberia,US,2022-09-18 21:53:56,30.0035,-91.8187,89.06,70,100,10.36
457,Coquimbo,CL,2022-09-18 21:57:30,-29.9533,-71.3436,60.53,63,20,14.97
458,Dublyany,UA,2022-09-18 21:57:58,49.9041,24.0864,46.83,86,100,17.11
459,Baker City,US,2022-09-18 21:57:59,44.7749,-117.8344,60.64,49,100,3.78
460,Raudeberg,NO,2022-09-18 21:58:59,61.9875,5.1352,48.87,69,81,20.31
461,Sechura,PE,2022-09-18 21:59:00,-5.5569,-80.8222,74.07,62,14,16.42
462,Adre,TD,2022-09-18 21:59:00,13.4667,22.2,76.82,65,76,5.41
463,Harrisburg,US,2022-09-18 21:54:06,40.2737,-76.8844,84.38,58,40,7.0
464,Prince Albert,CA,2022-09-18 21:59:01,53.2001,-105.7677,71.55,33,20,16.11
465,Zarubino,RU,2022-09-18 21:59:01,42.63,131.0922,57.04,66,54,17.56
466,Gat,IL,2022-09-18 21:59:02,31.61,34.7642,77.68,100,0,2.89
467,Mae Hong Son,TH,2022-09-18 21:59:02,19.3003,97.9685,73.13,100,81,0.25
468,Halifax,CA,2022-09-18 21:55:41,44.6453,-63.5724,55.69,94,88,3.44
469,Coahuayana,MX,2022-09-18 21:59:03,18.7333,-103.6833,76.77,96,100,3.6
470,Impfondo,CG,2022-09-18 21:59:04,1.6381,18.0667,70.32,97,46,2.48
471,Kuala Terengganu,MY,2022-09-18 21:59:04,5.3302,103.1408,76.95,94,20,2.3
472,Juarez,MX,2022-09-18 21:56:40,31.7333,-106.4833,89.83,38,75,6.91
473,Lagoa,PT,2022-09-18 21:59:05,39.05,-27.9833,73.18,89,100,9.44
474,Necochea,AR,2022-09-18 21:59:06,-38.5473,-58.7368,54.84,84,100,15.19
475,Puerto Escondido,MX,2022-09-18 21:59:06,15.85,-97.0667,82.4,78,88,12.12
476,Lysyanka,UA,2022-09-18 21:59:07,49.2523,30.8295,49.78,82,100,17.6
477,Ranong,TH,2022-09-18 21:59:07,9.9658,98.6348,78.51,87,89,10.67
478,Shanting,CN,2022-09-18 21:59:07,35.0753,117.4578,63.3,49,56,5.28
479,Sztum,PL,2022-09-18 21:59:08,53.9208,19.0307,50.34,89,100,9.17
480,Morgantown,US,2022-09-18 21:56:55,39.6295,-79.9559,80.69,64,43,1.01
481,Paraiso,CR,2022-09-18 21:59:09,9.8383,-83.8656,68.41,93,100,2.17
482,La Virginia,CO,2022-09-18 21:59:09,4.8997,-75.8825,76.55,78,75,6.91
483,Dingle,PH,2022-09-18 21:59:10,10.9995,122.6711,76.01,90,100,5.84
484,Babanka,UA,2022-09-18 21:59:11,48.7097,30.4483,51.35,72,100,19.55
485,Santa Fe,AR,2022-09-18 21:57:20,-31.6333,-60.7,62.02,91,100,11.99
486,Dryden,CA,2022-09-18 21:59:12,49.7833,-92.7503,62.89,72,100,10.36
487,Andreapol,RU,2022-09-18 21:59:12,56.6513,32.2664,46.44,92,100,15.9
488,Porbandar,IN,2022-09-18 21:59:12,21.6422,69.6093,82.09,70,81,8.72
489,Benito Juarez,MX,2022-09-18 21:59:13,19.385,-99.165,70.84,49,93,2.33
490,Betanzos,ES,2022-09-18 21:59:13,43.2804,-8.2147,70.45,73,0,3.44
491,Gamba,GA,2022-09-18 21:59:14,-2.65,10.0,75.4,86,100,7.52
492,Chingirlau,KZ,2022-09-18 21:59:14,51.095,54.0814,66.99,51,100,10.45
493,Porosozero,RU,2022-09-18 21:59:15,62.7191,32.727,42.44,97,8,2.21
494,Belmonte,BR,2022-09-18 21:59:15,-15.8631,-38.8828,70.41,81,43,8.72
495,Kindu,CD,2022-09-18 21:59:16,-2.95,25.95,70.34,97,100,3.04
496,Tipolo,PH,2022-09-18 21:59:16,10.0196,124.5144,77.83,84,100,4.59
497,Druzhnaya Gorka,RU,2022-09-18 21:59:17,59.2761,30.1425,49.24,86,100,3.74
498,Lagos,NG,2022-09-18 21:59:18,6.5833,3.75,75.4,90,100,6.4
499,Boende,CD,2022-09-18 21:59:18,-0.2167,20.8667,71.29,95,91,0.11
500,Riyadh,SA,2022-09-18 21:55:03,24.6877,46.7219,87.94,16,0,5.46
501,Saldanha,ZA,2022-09-18 21:59:19,-33.0117,17.9442,53.65,68,68,24.72
502,Pasvalys,LT,2022-09-18 21:59:19,56.0594,24.4036,47.35,93,100,6.87
503,Shu,KZ,2022-09-18 21:59:20,43.5983,73.7614,64.72,23,55,2.84
504,Yerbogachen,RU,2022-09-18 21:59:20,61.2767,108.0108,41.72,95,100,7.74
505,Zolotukhino,RU,2022-09-18 21:59:21,52.0842,36.3772,57.27,84,9,22.41
506,Pangnirtung,CA,2022-09-18 22:00:22,66.1451,-65.7125,43.12,64,8,4.99
507,Svetlyy,RU,2022-09-18 22:00:22,54.675,20.1347,53.96,87,100,5.86
508,Nata,PA,2022-09-18 22:00:23,8.3333,-80.5167,76.17,92,100,9.51
509,Veraval,IN,2022-09-18 22:00:23,20.9,70.3667,80.26,75,2,6.87
510,Novoanninskiy,RU,2022-09-18 22:00:24,50.5287,42.6747,74.55,69,100,4.43
511,Esperance,AU,2022-09-18 22:00:24,-33.8667,121.9,51.76,90,50,4.56
512,Grindavik,IS,2022-09-18 22:00:25,63.8424,-22.4338,48.67,93,100,32.21
513,Port-Gentil,GA,2022-09-18 22:00:25,-0.7193,8.7815,76.96,88,75,11.5
514,Grootfontein,NA,2022-09-18 22:00:25,-19.5667,18.1167,68.77,26,0,13.6
515,Chanute,US,2022-09-18 21:55:44,37.6792,-95.4572,100.45,21,0,18.25
516,Jumla,NP,2022-09-18 22:00:26,29.2747,82.1838,60.48,93,98,0.16
517,Ankpa,NG,2022-09-18 22:00:27,7.3706,7.6253,71.29,95,96,8.16
518,Fort Nelson,CA,2022-09-18 22:00:27,58.8053,-122.7002,58.59,39,71,9.95
519,Akyab,MM,2022-09-18 22:00:28,20.15,92.9,79.81,87,99,18.5
520,Kuusamo,FI,2022-09-18 22:00:28,65.9667,29.1833,48.24,93,100,6.91
521,Aklavik,CA,2022-09-18 22:00:29,68.2191,-135.0107,51.73,59,96,11.77
522,Regina,CA,2022-09-18 22:00:07,50.4501,-104.6178,70.03,49,9,5.01
523,Richards Bay,ZA,2022-09-18 22:00:30,-28.783,32.0377,65.75,94,19,4.43
524,Luganville,VU,2022-09-18 22:00:30,-15.5333,167.1667,80.46,81,96,15.17
525,Sierra Vista,US,2022-09-18 22:00:31,31.5545,-110.3037,89.82,24,75,10.0
526,Trat,TH,2022-09-18 22:00:32,12.5,102.5,81.82,98,93,3.65
527,Bilibino,RU,2022-09-18 22:00:32,68.0546,166.4372,29.53,81,93,2.62
528,Taber,CA,2022-09-18 22:00:05,49.8167,-112.1518,71.76,27,100,3.6
529,Nouakchott,MR,2022-09-18 22:00:33,18.0858,-15.9785,82.33,72,79,17.58
530,Itupiranga,BR,2022-09-18 22:00:34,-5.1347,-49.3267,87.85,44,65,5.97
531,Naze,JP,2022-09-18 21:56:05,28.3667,129.4833,79.72,86,100,19.04
532,Constitucion,CL,2022-09-18 22:00:35,-35.3333,-72.4167,50.05,61,3,14.58
533,Matagami,CA,2022-09-18 22:00:35,49.7502,-77.6328,56.48,41,100,5.7
534,Broome,US,2022-09-18 22:00:36,42.2506,-75.833,77.7,71,100,3.0
535,Peniche,PT,2022-09-18 22:00:36,39.3558,-9.3811,73.29,78,33,5.44
536,Sola,VU,2022-09-18 22:00:37,-13.8833,167.55,80.53,81,92,23.69
537,Adwa,ET,2022-09-18 22:00:37,14.1646,38.8955,63.72,68,99,2.04
538,Kloulklubed,PW,2022-09-18 22:00:38,7.0419,134.2556,82.51,75,100,14.29
539,Arlit,NE,2022-09-18 22:00:38,18.7369,7.3853,95.65,24,99,2.59
540,Neunkirchen,DE,2022-09-18 22:00:38,49.35,7.1833,51.89,73,100,5.99
541,Goderich,CA,2022-09-18 22:00:09,43.7501,-81.7165,77.92,69,52,8.37
542,Itoman,JP,2022-09-18 22:00:39,26.1247,127.6694,80.62,83,75,19.57
543,Sharan,RU,2022-09-18 22:00:40,54.8167,54.0,62.2,77,100,7.94
544,Yulara,AU,2022-09-18 22:00:40,-25.2406,130.9889,60.15,31,0,9.01
545,Llandrindod Wells,GB,2022-09-18 22:00:41,52.2416,-3.3787,51.39,91,25,3.09
546,Upata,VE,2022-09-18 22:00:42,8.0086,-62.3989,79.2,77,62,0.54
547,Caravelas,BR,2022-09-18 22:00:42,-17.7125,-39.2481,69.78,75,36,7.61
548,Kenai,US,2022-09-18 22:00:43,60.5544,-151.2583,55.09,77,98,5.17
549,San-Pedro,CI,2022-09-18 22:00:44,4.7485,-6.6363,75.18,88,1,7.81
550,Bouna,CI,2022-09-18 22:00:44,9.2667,-3.0,72.19,95,99,4.47
551,Rundu,NA,2022-09-18 22:00:45,-17.9333,19.7667,70.92,21,3,4.36
552,Kulhudhuffushi,MV,2022-09-18 22:00:45,6.6221,73.07,80.65,77,100,9.33
553,Buarcos,PT,2022-09-18 22:01:45,40.166,-8.8768,66.67,70,17,6.17
554,Isla Mujeres,MX,2022-09-18 22:01:46,21.2311,-86.731,87.17,68,33,7.83
555,Hun,LY,2022-09-18 22:01:46,29.1268,15.9477,85.75,16,0,7.38
556,Jardim,BR,2022-09-18 22:01:47,-21.4803,-56.1381,83.86,37,0,5.7
557,San Andres,CO,2022-09-18 22:01:47,12.5847,-81.7006,83.25,69,100,5.17
558,Erdenet,MN,2022-09-18 22:01:48,49.0333,104.0833,33.06,70,0,3.94
559,Asyut,EG,2022-09-18 22:01:48,27.181,31.1837,80.87,25,0,4.94
560,Novo Oriente,BR,2022-09-18 22:01:49,-5.5344,-40.7742,84.47,29,69,2.75
561,Mokhsogollokh,RU,2022-09-18 22:01:49,61.4681,128.9203,32.67,80,100,8.5
562,Entre Rios,BR,2022-09-18 22:01:50,-11.9419,-38.0844,68.59,87,6,4.16
563,Dargaville,NZ,2022-09-18 22:01:50,-35.9333,173.8833,62.49,77,98,10.13
564,Santa Vitoria Do Palmar,BR,2022-09-18 22:01:50,-33.5189,-53.3681,58.84,78,100,11.43
565,Kavieng,PG,2022-09-18 22:01:22,-2.5744,150.7967,82.11,78,71,11.97
566,Grimshaw,CA,2022-09-18 22:01:41,56.1834,-117.6027,60.17,45,100,10.69
567,Talmenka,RU,2022-09-18 22:01:51,53.8183,83.5677,41.38,63,6,2.48
568,Nalut,LY,2022-09-18 22:01:52,30.3333,10.85,86.29,14,2,6.35
569,Zhezkazgan,KZ,2022-09-18 22:01:52,47.8043,67.7144,54.64,25,0,9.55
570,Calvinia,ZA,2022-09-18 22:01:53,-31.4707,19.776,40.96,76,17,2.42
571,Chumikan,RU,2022-09-18 22:01:53,54.7183,135.315,42.04,91,100,10.83
572,Kahului,US,2022-09-18 21:59:49,20.8947,-156.47,86.97,73,67,14.0
573,Dongsheng,CN,2022-09-18 22:01:54,39.8161,109.9776,57.11,37,100,12.91
574,Palana,RU,2022-09-18 22:01:55,59.1167,159.9667,42.17,64,51,6.2
575,Inirida,CO,2022-09-18 22:01:55,3.8653,-67.9239,80.46,83,78,2.64
576,Bathsheba,BB,2022-09-18 22:01:55,13.2167,-59.5167,83.62,76,22,13.69
